1,2,"2008-12-15 13:28:33"
1,4,"2008-12-15 13:28:33"
1,17896,"2008-12-15 13:28:33"
1,21523,"2008-12-15 13:28:33"
1,29121,"2008-12-15 13:28:33"
1,46833,"2008-12-15 13:28:33"
1,57004,"2008-12-15 13:28:33"
1,59446,"2012-08-21 12:26:17"
1,89393,"2010-08-24 01:53:39"
1,99896,"2013-05-03 06:18:40"
1,109128,"2012-01-16 11:25:32"
1,159000,"2009-01-22 13:01:13"
1,237203,"2012-07-02 18:31:23"
1,237204,"2010-10-05 19:39:14"
1,237205,"2011-12-13 15:58:33"
1,262813,"2009-08-27 18:10:04"
1,538005,"2010-09-28 19:07:58"
1,561361,"2012-08-21 12:30:45"
1,612393,"2010-10-05 07:47:08"
1,1083801,"2011-02-22 09:38:40"
1,1459189,"2011-12-05 10:33:39"
1,1579659,"2012-12-03 11:33:43"
2,1,"2008-12-15 13:28:33"
2,4,"2008-04-28 19:25:53"
2,6,"2010-02-05 07:35:04"
2,7,"2008-09-30 02:05:24"
2,12,"2009-05-24 17:29:53"
2,13,"2013-08-08 21:34:12"
2,150,"2012-04-04 21:32:17"
2,269,"2008-07-09 14:31:19"
2,302,"2012-04-16 09:13:33"
2,307,"2008-12-22 11:19:45"
2,348,"2008-03-22 01:37:42"
2,391,"2008-03-22 01:37:42"
2,392,"2012-06-13 07:05:37"
2,485,"2013-10-31 22:32:41"
2,1561,"2008-05-26 22:54:55"
2,1567,"2012-02-28 09:22:24"
2,1655,"2009-03-23 19:19:05"
2,2094,"2008-05-26 05:17:23"
2,2491,"2013-09-30 23:43:48"
2,2624,"2010-06-13 00:49:36"
2,2695,"2009-12-10 10:30:56"
2,2711,"2008-05-15 15:49:49"
2,2720,"2009-03-13 04:49:56"
2,2723,"2008-10-22 18:56:03"
2,2823,"2008-05-18 05:00:12"
2,2830,"2009-08-25 21:05:42"
2,2879,"2009-11-15 19:19:31"
2,2935,"2008-03-22 01:37:42"
2,3062,"2012-05-23 02:34:51"
2,3851,"2009-09-11 03:34:27"
2,3909,"2008-05-01 03:59:14"
2,4348,"2008-03-22 01:37:42"
2,4532,"2008-03-22 01:37:42"
2,4560,"2008-08-07 12:12:06"
2,6003,"2008-09-22 01:43:15"
2,6044,"2008-12-10 13:56:19"
2,6093,"2008-07-09 10:52:12"
2,6189,"2008-03-22 01:37:42"
2,6218,"2011-03-17 10:26:30"
2,6321,"2011-01-25 18:44:36"
2,6616,"2008-04-04 13:57:00"
2,6805,"2008-12-14 21:17:29"
2,6985,"2008-03-22 01:37:42"
2,6995,"2012-08-22 23:39:28"
2,7264,"2012-03-02 21:47:03"
2,7546,"2008-03-22 01:37:42"
2,7592,"2008-03-22 01:37:42"
2,7714,"2008-06-08 05:01:21"
2,7852,"2009-03-25 12:27:46"
2,7872,"2008-06-02 12:20:59"
2,7931,"2009-08-14 12:10:38"
2,8075,"2011-12-24 20:21:44"
2,8097,"2008-05-03 20:29:20"
2,8134,"2010-06-02 07:48:54"
2,8634,"2008-03-22 01:37:42"
2,9273,"2008-03-22 01:37:42"
2,9285,"2008-06-17 18:47:08"
2,9642,"2008-11-20 19:01:00"
2,9918,"2008-03-22 01:37:42"
2,11149,"2008-03-22 01:37:42"
2,11957,"2008-03-22 01:37:42"
2,11973,"2009-03-11 07:23:08"
2,12035,"2009-01-16 10:29:16"
2,12630,"2010-05-16 12:55:51"
2,13267,"2009-02-24 16:08:06"
2,13331,"2012-09-06 11:22:45"
2,13371,"2010-10-28 21:51:35"
2,13440,"2008-03-25 17:48:28"
2,13823,"2012-04-06 23:23:19"
2,13840,"2011-02-25 02:20:22"
2,14016,"2008-04-15 01:37:32"
2,14284,"2008-03-22 01:37:42"
2,15557,"2008-11-28 23:01:31"
2,15739,"2009-09-08 19:25:44"
2,15750,"2008-03-26 00:07:41"
2,17638,"2009-04-11 11:09:28"
2,17711,"2008-11-12 04:55:24"
2,17745,"2008-11-09 18:16:28"
2,17759,"2012-04-13 11:45:04"
2,17775,"2008-03-22 01:37:42"
2,17819,"2008-04-30 03:02:45"
2,18018,"2009-09-28 22:39:32"
2,18153,"2008-12-15 08:58:22"
2,18382,"2008-07-08 19:17:40"
2,18432,"2009-05-11 15:15:40"
2,18629,"2008-07-27 12:57:42"
2,19349,"2008-04-06 11:44:39"
2,19538,"2009-08-30 07:39:38"
2,20448,"2008-12-16 09:12:53"
2,20628,"2008-03-22 01:37:42"
2,20640,"2008-03-22 01:37:42"
2,20812,"2012-05-18 20:41:08"
2,20838,"2012-11-12 14:26:21"
2,21410,"2008-03-22 01:37:42"
2,22925,"2008-03-22 01:37:42"
2,22956,"2012-08-03 07:36:27"
2,23393,"2008-08-29 00:41:05"
2,24553,"2008-03-22 01:37:42"
2,25012,"2011-08-10 15:07:17"
2,26046,"2008-04-09 20:08:00"
2,27262,"2009-10-21 15:48:02"
2,27289,"2008-05-01 02:30:10"
2,29121,"2008-03-22 01:37:42"
2,29572,"2010-01-07 14:11:33"
2,29988,"2012-07-11 08:33:31"
2,30077,"2009-01-22 19:33:32"
2,30469,"2009-12-31 10:48:53"
2,30490,"2009-03-02 19:55:10"
2,31589,"2013-05-15 22:16:45"
2,31909,"2008-03-22 01:37:42"
2,32093,"2009-08-19 18:27:59"
2,32891,"2008-04-02 18:23:40"
2,34550,"2008-03-27 07:52:30"
2,34553,"2008-06-05 09:41:02"
2,34575,"2008-03-22 01:37:42"
2,34584,"2008-05-06 01:49:47"
2,34597,"2008-03-22 01:37:42"
2,34735,"2008-04-11 18:06:26"
2,35577,"2012-04-08 00:21:47"
2,36199,"2013-02-08 09:38:13"
2,36219,"2008-07-23 21:21:43"
2,36371,"2009-01-25 00:51:10"
2,38076,"2008-03-22 01:37:42"
2,38227,"2009-03-30 22:18:46"
2,38683,"2010-07-27 21:40:07"
2,38778,"2012-07-18 01:29:37"
2,39124,"2012-06-08 17:02:48"
2,40342,"2008-03-22 01:37:42"
2,41091,"2008-05-20 12:04:04"
2,41811,"2008-03-22 01:37:42"
2,41916,"2008-03-22 01:37:42"
2,43794,"2010-12-31 00:32:30"
2,44651,"2013-02-11 12:24:48"
2,46202,"2011-04-17 10:03:27"
2,46815,"2008-05-26 07:54:19"
2,46833,"2008-11-19 06:38:44"
2,46898,"2008-07-22 17:10:47"
2,47091,"2008-07-03 07:25:25"
2,47153,"2009-04-29 08:49:00"
2,47272,"2009-07-30 11:50:44"
2,47528,"2012-06-15 19:25:21"
2,47627,"2008-09-26 04:20:06"
2,48293,"2008-03-22 01:37:42"
2,48372,"2009-11-09 04:43:30"
2,48424,"2011-09-16 08:35:08"
2,48792,"2010-03-12 14:08:13"
2,49512,"2012-04-30 11:21:18"
2,50695,"2009-01-05 02:45:14"
2,50710,"2013-03-20 01:35:10"
2,50868,"2009-01-21 06:15:37"
2,51442,"2009-02-25 18:48:45"
2,52204,"2008-04-04 16:17:38"
2,52487,"2008-08-12 12:01:10"
2,55537,"2008-03-22 01:37:42"
2,55885,"2008-09-08 00:58:20"
2,56364,"2008-07-23 15:10:09"
2,59216,"2008-03-22 01:37:42"
2,60438,"2012-06-28 05:54:48"
2,61698,"2008-04-03 18:53:00"
2,62990,"2009-04-13 17:50:24"
2,62996,"2010-06-15 18:02:45"
2,63784,"2009-08-03 00:17:46"
2,64406,"2008-08-23 02:09:19"
2,64571,"2013-02-15 11:18:09"
2,65385,"2008-04-11 08:26:50"
2,67844,"2008-11-26 19:06:05"
2,68087,"2008-10-10 17:44:17"
2,68346,"2010-04-08 09:50:37"
2,69199,"2009-05-21 01:35:09"
2,69562,"2009-04-11 17:38:15"
2,70822,"2008-12-04 12:16:09"
2,71408,"2008-09-25 00:48:56"
2,73679,"2008-04-12 00:05:49"
2,74033,"2013-07-15 04:38:57"
2,75632,"2009-01-28 16:41:46"
2,78636,"2009-07-15 23:28:26"
2,78637,"2009-04-17 07:47:37"
2,79289,"2008-03-22 01:37:42"
2,81048,"2009-07-28 19:55:13"
2,85438,"2008-04-30 09:56:20"
2,85672,"2008-10-17 07:35:25"
2,85808,"2012-05-23 02:34:38"
2,89322,"2012-07-14 15:50:42"
2,89325,"2008-04-03 19:59:44"
2,89330,"2008-06-02 14:49:00"
2,89336,"2013-03-16 04:49:02"
2,89345,"2008-12-05 15:38:32"
2,89373,"2008-08-08 00:59:42"
2,89374,"2008-06-13 07:08:35"
2,89387,"2009-02-21 16:34:48"
2,89393,"2010-08-24 01:53:39"
2,89412,"2010-03-14 19:11:39"
2,89419,"2011-07-20 14:32:23"
2,89427,"2008-05-02 04:59:26"
2,89429,"2012-09-24 21:22:35"
2,89435,"2011-02-17 17:52:37"
2,89442,"2012-02-01 23:23:19"
2,89444,"2009-12-11 17:20:08"
2,89466,"2011-02-24 12:13:56"
2,89474,"2010-03-04 14:48:17"
2,89480,"2008-04-15 21:00:37"
2,89488,"2009-06-24 16:03:50"
2,89616,"2012-04-05 02:18:17"
2,90138,"2012-02-22 03:43:22"
2,92026,"2010-11-23 18:30:42"
2,96349,"2008-03-22 01:37:42"
2,96889,"2012-02-12 21:12:04"
2,96998,"2008-12-15 13:30:24"
2,98829,"2008-04-22 13:29:48"
2,98846,"2012-07-11 08:34:19"
2,99188,"2013-07-02 12:20:15"
2,100237,"2012-07-21 06:55:29"
2,101613,"2009-07-10 00:23:52"
2,101615,"2010-05-17 14:39:40"
2,102021,"2013-04-28 22:24:57"
2,103470,"2008-12-25 12:52:31"
2,104599,"2012-03-03 22:14:16"
2,106400,"2010-10-04 14:00:30"
2,107476,"2012-09-06 11:24:01"
2,108303,"2009-04-11 11:01:30"
2,124850,"2013-04-22 02:43:54"
2,130498,"2009-07-05 23:34:56"
2,136636,"2009-09-16 09:29:44"
2,137028,"2013-05-13 05:51:31"
2,137339,"2008-04-11 10:45:09"
2,137402,"2009-10-22 14:11:57"
2,137582,"2008-09-05 15:12:03"
2,137992,"2008-04-26 18:20:15"
2,140444,"2013-03-13 22:07:38"
2,140634,"2008-12-18 17:09:30"
2,144428,"2009-06-09 02:43:31"
2,146367,"2011-06-03 12:30:30"
2,150377,"2008-04-27 20:39:32"
2,152840,"2013-05-13 20:57:31"
2,155317,"2012-12-09 00:17:34"
2,156309,"2011-02-19 00:57:58"
2,156452,"2012-06-13 07:05:12"
2,157789,"2009-01-25 20:16:17"
2,158007,"2013-06-06 23:21:36"
2,158202,"2009-07-16 03:40:14"
2,158816,"2008-05-12 11:20:01"
2,158860,"2008-11-14 14:19:43"
2,158882,"2008-10-17 20:54:42"
2,158983,"2008-03-25 04:19:44"
2,159051,"2008-04-28 23:08:18"
2,159054,"2010-09-22 18:31:20"
2,159152,"2008-12-10 00:00:34"
2,159194,"2008-05-12 14:01:37"
2,161038,"2012-02-25 23:45:59"
2,162233,"2008-03-22 01:37:42"
2,162235,"2008-03-31 08:34:15"
2,163855,"2009-08-30 07:39:38"
2,164235,"2008-03-22 01:37:42"
2,164497,"2008-10-08 14:56:39"
2,164501,"2008-08-22 02:51:00"
2,164524,"2008-04-25 06:26:21"
2,164605,"2010-01-14 14:27:41"
2,164718,"2009-07-31 18:54:09"
2,167292,"2013-05-20 21:13:01"
2,167467,"2008-04-03 23:29:18"
2,167603,"2008-03-22 01:37:42"
2,168404,"2008-03-22 01:37:42"
2,170691,"2008-07-11 08:59:48"
2,171357,"2008-05-08 00:16:46"
2,171422,"2008-12-22 09:25:25"
2,171565,"2008-03-22 01:37:42"
2,178245,"2008-08-21 16:57:12"
2,180532,"2009-08-17 20:58:57"
2,181277,"2010-02-27 19:33:29"
2,182107,"2012-03-02 16:45:53"
2,183487,"2009-08-31 03:20:10"
2,186597,"2011-02-18 15:52:46"
2,189283,"2008-12-04 20:19:23"
2,190226,"2009-10-13 18:28:07"
2,195745,"2008-06-27 07:51:18"
2,195845,"2009-12-21 19:04:53"
2,196068,"2008-06-01 00:18:27"
2,198591,"2008-03-22 01:37:42"
2,198978,"2008-03-22 01:37:42"
2,199883,"2012-03-03 22:14:03"
2,200859,"2013-07-03 15:56:38"
2,203962,"2010-02-11 22:33:43"
2,205118,"2011-09-28 04:49:26"
2,205130,"2013-07-28 08:26:46"
2,210613,"2011-01-26 13:35:19"
2,217434,"2010-11-21 01:07:07"
2,219001,"2011-03-21 13:47:05"
2,235332,"2009-05-04 21:49:31"
2,241726,"2012-02-09 16:57:36"
2,242933,"2008-06-19 07:32:20"
2,242934,"2008-11-13 13:26:55"
2,242935,"2009-01-26 06:56:42"
2,242936,"2008-04-07 15:11:06"
2,242938,"2009-08-11 05:28:18"
2,242939,"2009-04-16 06:50:37"
2,242940,"2010-04-15 08:18:29"
2,242941,"2008-03-22 01:37:42"
2,242942,"2011-02-20 23:27:22"
2,242943,"2012-07-31 12:21:15"
2,243557,"2008-07-06 23:15:44"
2,244191,"2011-07-27 11:22:45"
2,252287,"2008-06-01 05:12:06"
2,252531,"2012-05-23 14:56:29"
2,265547,"2012-09-28 21:05:36"
2,274828,"2013-02-15 11:18:15"
2,304074,"2010-06-13 16:11:33"
2,308700,"2012-01-01 04:33:39"
2,308706,"2013-01-22 09:47:10"
2,309668,"2012-04-07 07:14:00"
2,318541,"2009-05-09 11:59:51"
2,345002,"2013-11-20 23:04:32"
2,384319,"2008-12-18 20:05:39"
2,427820,"2012-12-18 21:21:12"
2,470452,"2013-05-13 20:58:28"
2,550940,"2012-06-20 08:47:48"
2,585954,"2008-05-28 08:04:54"
2,665276,"2010-01-28 16:27:47"
2,675707,"2013-03-03 22:06:10"
2,715054,"2009-02-11 21:02:01"
2,742001,"2008-04-03 01:13:22"
2,765064,"2013-01-22 09:46:21"
2,776724,"2012-02-13 07:54:09"
2,827248,"2012-09-22 06:51:42"
2,873168,"2012-10-02 21:45:46"
2,877145,"2008-08-29 00:41:05"
2,881726,"2013-07-14 13:38:35"
2,936840,"2009-03-10 13:53:36"
2,946497,"2011-01-11 18:38:59"
2,1023453,"2011-08-04 19:40:46"
2,1118204,"2008-06-01 03:38:07"
2,1202860,"2013-05-29 01:21:30"
2,1241854,"2010-07-27 21:40:07"
2,1247322,"2012-11-03 08:15:54"
2,1292004,"2009-09-30 16:28:31"
2,1330471,"2009-02-21 17:35:12"
2,1370697,"2013-07-06 08:47:38"
2,1435459,"2009-08-30 07:39:38"
2,1467306,"2013-02-02 08:07:41"
2,1576167,"2013-11-16 20:46:57"
2,1627961,"2010-02-12 18:10:35"
2,1855584,"2009-04-13 17:50:24"
2,1875707,"2008-05-23 05:34:30"
2,2161993,"2013-04-18 15:47:00"
2,2364357,"2013-08-02 20:47:21"
2,2365045,"2013-08-22 12:01:20"
2,2365714,"2013-09-19 10:20:11"
2,2366542,"2013-08-02 08:16:00"
2,2368128,"2013-08-13 20:36:21"
2,2383367,"2008-09-26 04:20:06"
2,2389979,"2013-08-03 07:41:43"
2,2492410,"2013-07-09 21:42:48"
2,2626621,"2012-08-20 12:02:30"
2,2657953,"2010-10-16 07:51:10"
2,2742813,"2013-10-17 10:08:57"
2,2924469,"2012-05-23 14:56:29"
2,3134945,"2009-05-21 09:49:24"
2,3237739,"2012-05-23 14:56:29"
2,3333022,"2009-08-25 21:05:42"
2,3488389,"2011-09-10 05:44:24"
2,3534161,"2011-02-19 19:37:38"
2,3804014,"2009-12-10 10:30:56"
2,4979542,"2009-01-26 06:56:42"
2,5099456,"2012-12-28 12:35:57"
2,6923948,"2012-05-23 14:56:29"
4,1,"2008-12-15 13:28:33"
4,2,"2008-04-28 19:25:53"
4,6,"2010-02-05 07:35:04"
4,348,"2008-04-28 19:25:53"
4,2823,"2008-05-18 05:00:12"
4,5353,"2009-09-10 09:25:00"
4,5360,"2010-12-17 10:11:43"
4,5697,"2008-04-28 19:25:53"
4,8889,"2008-06-21 21:55:36"
4,9273,"2008-04-28 19:25:53"
4,11149,"2008-04-28 19:25:53"
4,11718,"2008-04-28 19:25:53"
4,14284,"2008-04-28 19:25:53"
4,14438,"2008-07-28 00:52:58"
4,17819,"2008-04-30 03:02:45"
4,23374,"2009-10-21 23:39:47"
4,25789,"2008-04-28 19:25:53"
4,25843,"2012-12-19 08:10:25"
4,28464,"2008-04-28 19:25:53"
4,29128,"2010-05-15 16:43:57"
4,32626,"2008-10-24 12:13:31"
4,32770,"2009-08-10 22:42:32"
4,34465,"2012-08-14 01:48:37"
4,38076,"2008-04-28 19:25:53"
4,41811,"2008-04-28 19:25:53"
4,46833,"2008-11-19 06:38:44"
4,48293,"2008-04-28 19:25:53"
4,50650,"2008-04-28 19:25:53"
4,52969,"2008-04-28 19:25:53"
4,57714,"2008-04-28 19:25:53"
4,59202,"2008-08-17 18:30:33"
4,59216,"2008-04-28 19:25:53"
4,59506,"2008-04-28 19:25:53"
4,69199,"2009-05-21 01:35:09"
4,82366,"2008-04-28 19:25:53"
4,89346,"2008-12-08 14:48:38"
4,91474,"2008-04-28 19:25:53"
4,96349,"2008-04-28 19:25:53"
4,97089,"2009-12-22 07:40:36"
4,137992,"2008-04-28 19:25:53"
4,145111,"2012-02-06 10:12:52"
4,149254,"2008-07-17 11:22:06"
4,152112,"2008-04-28 19:25:53"
4,152831,"2008-04-28 19:25:53"
4,158860,"2008-11-14 14:19:43"
4,192926,"2008-05-01 16:50:00"
4,211683,"2009-10-26 14:09:44"
4,233394,"2010-07-27 13:11:19"
4,243081,"2008-05-01 15:01:51"
4,244184,"2008-08-13 18:16:30"
4,244186,"2008-04-29 08:24:16"
4,244190,"2009-12-29 16:15:54"
4,244191,"2011-07-27 11:22:45"
4,258053,"2011-10-11 14:31:34"
4,282977,"2008-06-16 18:45:33"
4,349284,"2008-09-27 17:35:49"
4,436387,"2010-10-14 11:14:15"
4,490086,"2011-06-03 11:56:38"
4,1034301,"2013-11-15 12:24:20"
4,1173683,"2009-09-15 16:11:58"
4,1566701,"2008-06-12 11:47:29"
4,1611432,"2013-02-25 21:35:35"
4,1623912,"2012-11-13 12:34:44"
4,4247205,"2012-10-29 08:59:07"
4,6000089,"2013-04-28 12:11:39"
4,7313330,"2008-08-18 11:35:51"
4,7313331,"2011-10-20 17:34:53"
5,9285,"2008-06-17 18:47:08"
5,11766,"2008-05-24 05:24:29"
5,46245,"2009-06-03 06:20:37"
6,1,"2010-02-05 07:35:04"
6,2,"2010-02-05 07:35:04"
6,4,"2010-02-05 07:35:04"
6,41811,"2010-02-05 07:35:04"
7,2,"2008-09-30 02:05:24"
7,113,"2008-10-02 23:17:52"
7,129,"2008-09-30 02:05:24"
7,142,"2008-09-30 02:05:24"
7,392,"2009-05-11 21:20:36"
7,1019,"2008-09-30 02:05:24"
7,1063,"2008-09-30 02:05:24"
7,1561,"2008-09-30 02:05:24"
7,1563,"2008-09-30 02:05:24"
7,1564,"2008-09-30 02:05:24"
7,1565,"2008-09-30 02:05:24"
7,1570,"2008-09-30 02:05:24"
7,1584,"2008-09-30 02:05:24"
7,1934,"2008-09-30 02:05:24"
7,2094,"2008-09-30 02:05:24"
7,2122,"2008-09-30 02:05:24"
7,2146,"2008-09-30 02:05:24"
7,2159,"2008-09-30 02:05:24"
7,2206,"2009-07-21 21:03:50"
7,3164,"2009-07-05 08:07:35"
7,3199,"2008-09-30 02:05:24"
7,3344,"2008-09-30 02:05:24"
7,3398,"2010-08-14 17:00:05"
7,3892,"2008-09-30 02:05:24"
7,3917,"2008-09-30 02:05:24"
7,3932,"2008-09-30 02:05:24"
7,4111,"2013-04-24 03:25:42"
7,4277,"2008-09-30 02:05:24"
7,4328,"2008-09-30 02:05:24"
7,4576,"2008-09-30 02:05:24"
7,4589,"2009-03-31 07:52:21"
7,4896,"2008-09-30 02:05:24"
7,5092,"2009-01-29 19:12:31"
7,5203,"2011-09-03 15:26:22"
7,6189,"2008-09-30 02:05:24"
7,6616,"2008-09-30 02:05:24"
7,7045,"2008-09-30 02:05:24"
7,7125,"2008-09-30 02:05:24"
7,7262,"2008-09-30 02:05:24"
7,7483,"2008-09-30 02:05:24"
7,7552,"2008-09-30 02:05:24"
7,7872,"2008-09-30 02:05:24"
7,8011,"2009-05-03 05:25:30"
7,8137,"2008-09-30 02:05:24"
7,8150,"2008-09-30 02:05:24"
7,8151,"2008-09-30 02:05:24"
7,8158,"2009-02-07 20:41:20"
7,8174,"2008-09-30 02:05:24"
7,8179,"2008-09-30 02:05:24"
7,8860,"2008-09-30 02:05:24"
7,8931,"2008-09-30 02:05:24"
7,9065,"2009-09-01 16:45:04"
7,9236,"2008-09-30 02:05:24"
7,9266,"2008-09-30 02:05:24"
7,9273,"2008-09-30 02:05:24"
7,10212,"2009-04-23 00:08:45"
7,11253,"2008-09-30 02:05:24"
7,11718,"2008-09-30 02:05:24"
7,11746,"2009-04-08 17:49:34"
7,11855,"2008-09-30 02:05:24"
7,11957,"2008-09-30 02:05:24"
7,12092,"2008-09-30 02:05:24"
7,12949,"2008-10-18 21:56:20"
7,13159,"2008-09-30 02:05:24"
7,13369,"2009-01-17 20:14:40"
7,13414,"2009-07-03 01:20:04"
7,14016,"2008-09-30 02:05:24"
7,14113,"2008-09-30 02:05:24"
7,14175,"2008-09-30 02:05:24"
7,14759,"2008-09-30 02:05:24"
7,15797,"2008-11-11 05:31:14"
7,16484,"2008-09-30 02:05:24"
7,16681,"2008-09-30 02:05:24"
7,17051,"2008-09-30 02:05:24"
7,17391,"2008-09-30 02:05:24"
7,17465,"2009-01-21 14:02:58"
7,17759,"2008-09-30 02:05:24"
7,17760,"2009-02-01 15:20:08"
7,17841,"2008-12-30 05:04:11"
7,18070,"2008-09-30 02:05:24"
7,18157,"2008-09-30 02:05:24"
7,18395,"2008-09-30 02:05:24"
7,18730,"2009-02-18 20:25:01"
7,18735,"2008-09-30 02:05:24"
7,18849,"2008-09-30 02:05:24"
7,19036,"2008-09-30 02:05:24"
7,19639,"2008-09-30 02:05:24"
7,20655,"2008-09-30 02:05:24"
7,22152,"2008-12-19 05:07:10"
7,22233,"2008-11-11 21:00:14"
7,22907,"2008-12-16 15:09:49"
7,24562,"2008-09-30 02:05:24"
7,24690,"2008-09-30 02:05:24"
7,24765,"2008-10-23 23:14:57"
7,25407,"2008-09-30 02:05:24"
7,25984,"2008-09-30 02:05:24"
7,26154,"2008-09-30 02:05:24"
7,26392,"2008-09-30 02:05:24"
7,26393,"2008-09-30 02:05:24"
7,26394,"2008-09-30 02:05:24"
7,26395,"2008-09-30 02:05:24"
7,26816,"2008-10-07 22:20:35"
7,27387,"2008-09-30 02:05:24"
7,28815,"2008-09-30 02:05:24"
7,29097,"2008-09-30 02:05:24"
7,29235,"2008-09-30 02:05:24"
7,31887,"2008-09-30 02:05:24"
7,31909,"2008-09-30 02:05:24"
7,31977,"2009-04-01 05:41:03"
7,32873,"2008-09-30 02:05:24"
7,33124,"2008-09-30 02:05:24"
7,34180,"2008-09-30 02:05:24"
7,34474,"2008-09-30 02:05:24"
7,34490,"2008-09-30 02:05:24"
7,34627,"2008-09-30 02:05:24"
7,35838,"2008-09-30 02:05:24"
7,36368,"2008-09-30 02:05:24"
7,37790,"2009-02-08 13:41:23"
7,37827,"2008-09-30 02:05:24"
7,38766,"2008-10-13 21:19:57"
7,39157,"2009-01-11 12:20:17"
7,40011,"2008-09-30 02:05:24"
7,40039,"2008-09-30 02:05:24"
7,41435,"2009-10-16 08:15:54"
7,41811,"2008-09-30 02:05:24"
7,43461,"2009-01-28 18:53:21"
7,43538,"2009-03-28 04:50:07"
7,43619,"2009-02-12 03:28:46"
7,44210,"2012-10-18 03:17:25"
7,44278,"2010-02-16 03:44:31"
7,44283,"2008-09-30 02:05:24"
7,44517,"2008-09-30 02:05:24"
7,46607,"2009-02-17 17:30:28"
7,46815,"2008-09-30 02:05:24"
7,46899,"2008-09-30 02:05:24"
7,47124,"2008-09-30 02:05:24"
7,47350,"2009-05-11 23:01:29"
7,47853,"2010-06-02 00:44:29"
7,50627,"2008-11-27 17:49:29"
7,50695,"2009-01-05 02:45:14"
7,50710,"2008-09-30 02:05:24"
7,50765,"2010-02-25 03:48:00"
7,50844,"2008-09-30 02:05:24"
7,52402,"2008-09-30 02:05:24"
7,52487,"2008-09-30 02:05:24"
7,55295,"2008-09-30 02:05:24"
7,55303,"2009-09-09 17:49:19"
7,55537,"2008-09-30 02:05:24"
7,59185,"2008-09-30 02:05:24"
7,59216,"2008-09-30 02:05:24"
7,60500,"2012-04-17 20:20:27"
7,61125,"2008-09-30 02:05:24"
7,63453,"2010-01-29 03:07:36"
7,63964,"2008-09-30 02:05:24"
7,64877,"2009-06-14 11:21:49"
7,65769,"2008-09-30 02:05:24"
7,66154,"2008-12-19 12:47:03"
7,66894,"2008-10-02 17:46:13"
7,67191,"2009-11-26 06:20:38"
7,67282,"2009-01-27 12:09:47"
7,69449,"2009-11-04 13:58:14"
7,73915,"2009-02-17 21:11:28"
7,75725,"2008-09-30 02:05:24"
7,84411,"2009-03-31 04:22:24"
7,85205,"2008-09-30 02:05:24"
7,85206,"2008-09-30 02:05:24"
7,85208,"2009-01-16 13:54:20"
7,85219,"2009-04-16 06:54:58"
7,85672,"2008-10-17 07:35:25"
7,87336,"2008-09-30 02:05:24"
7,89925,"2012-03-29 02:32:50"
7,92602,"2009-10-16 08:07:29"
7,93375,"2008-09-30 02:05:24"
7,93847,"2009-01-04 13:23:59"
7,94359,"2009-04-23 05:10:50"
7,96498,"2009-06-24 22:59:08"
7,97630,"2009-01-26 08:09:48"
7,98023,"2009-06-14 10:43:14"
7,98829,"2008-09-30 02:05:24"
7,98830,"2008-09-30 02:05:24"
7,99022,"2008-09-30 02:05:24"
7,99260,"2008-09-30 02:05:24"
7,101125,"2008-12-12 09:02:06"
7,101914,"2009-03-07 03:40:47"
7,105399,"2012-01-27 04:43:02"
7,107177,"2009-01-12 08:08:29"
7,107225,"2009-03-04 05:05:58"
7,108371,"2009-12-15 10:31:33"
7,111896,"2008-09-30 02:05:24"
7,111946,"2009-03-12 01:14:10"
7,112234,"2009-03-03 04:37:38"
7,120162,"2008-12-18 00:23:24"
7,124905,"2009-02-28 12:15:45"
7,126283,"2011-06-09 14:57:23"
7,129322,"2008-10-24 02:25:06"
7,129326,"2008-11-10 18:10:52"
7,129903,"2010-04-08 07:19:32"
7,130890,"2008-11-14 14:13:50"
7,132095,"2008-09-30 02:05:24"
7,145131,"2009-03-24 08:16:58"
7,145169,"2008-09-30 02:05:24"
7,152783,"2008-09-30 02:05:24"
7,155854,"2008-09-30 02:05:24"
7,158443,"2009-02-02 19:08:52"
7,158450,"2009-11-08 08:03:23"
7,158451,"2009-04-22 16:50:00"
7,158515,"2009-01-22 07:25:02"
7,158520,"2009-03-27 12:12:27"
7,158983,"2008-09-30 02:05:24"
7,159445,"2008-09-30 02:05:24"
7,159458,"2008-09-30 02:05:24"
7,160496,"2008-09-30 02:05:24"
7,162311,"2008-09-30 02:05:24"
7,164708,"2009-04-18 05:21:20"
7,172669,"2008-09-30 02:05:24"
7,180176,"2008-09-30 02:05:24"
7,190805,"2008-09-30 02:05:24"
7,193956,"2009-03-22 12:40:31"
7,196068,"2008-09-30 02:05:24"
7,198955,"2008-09-30 02:05:24"
7,199008,"2009-09-28 23:18:00"
7,217422,"2008-09-30 02:05:24"
7,235972,"2010-02-21 14:45:44"
7,236057,"2008-11-14 23:41:52"
7,236405,"2008-09-30 02:05:24"
7,239113,"2008-09-30 02:05:24"
7,240929,"2009-12-09 16:17:34"
7,243159,"2008-09-30 02:05:24"
7,243161,"2008-09-30 02:05:24"
7,255201,"2009-06-02 12:35:13"
7,255329,"2008-09-30 02:05:24"
7,257109,"2009-02-20 07:34:06"
7,272011,"2009-05-26 10:27:53"
7,278916,"2008-09-30 02:05:24"
7,281899,"2008-09-30 02:05:24"
7,281900,"2008-09-30 02:05:24"
7,290580,"2008-09-30 02:05:24"
7,291630,"2009-07-01 03:03:35"
7,321245,"2009-02-22 16:52:53"
7,321860,"2008-09-30 02:05:24"
7,325643,"2009-03-18 11:51:48"
7,407905,"2010-01-08 04:04:13"
7,439106,"2008-12-08 03:26:22"
7,464537,"2008-09-30 02:05:24"
7,489590,"2009-05-15 10:04:25"
7,724075,"2009-08-24 09:03:12"
7,724076,"2010-08-22 05:51:11"
7,877726,"2008-12-18 03:30:19"
7,1530257,"2008-10-13 21:19:57"
7,1560291,"2011-04-14 22:38:23"
7,2555932,"2009-11-04 13:58:14"
7,4548890,"2009-03-07 03:40:47"
8,4997,"2010-03-26 05:57:36"
8,20784,"2010-03-26 05:57:36"
8,48868,"2010-03-26 05:57:36"
8,63692,"2012-06-21 08:50:57"
8,68901,"2012-07-03 07:36:18"
8,104836,"2012-04-13 15:11:36"
8,108671,"2010-03-26 05:57:36"
8,158833,"2010-03-26 05:57:36"
8,238574,"2013-05-17 09:05:28"
8,320998,"2010-03-26 05:57:36"
8,439133,"2011-04-18 13:19:59"
8,786326,"2013-07-14 19:06:58"
8,887041,"2013-10-13 09:13:36"
8,987413,"2012-07-17 09:18:18"
8,1694071,"2011-04-18 13:19:59"
8,2043337,"2013-06-05 14:37:48"
8,3631226,"2011-10-11 11:03:52"
9,303,"2009-04-03 03:34:57"
9,2092,"2012-09-02 21:19:23"
9,3892,"2012-04-11 22:29:12"
9,5203,"2011-09-03 15:26:22"
9,5631,"2009-07-07 00:13:57"
9,13134,"2008-11-03 13:13:46"
9,17781,"2008-12-17 21:09:42"
9,20501,"2008-11-03 13:13:46"
9,22234,"2008-11-27 04:42:05"
9,24029,"2008-11-03 13:13:46"
9,25697,"2008-11-03 13:13:46"
9,26392,"2008-11-03 13:13:46"
9,33016,"2008-11-03 13:13:46"
9,33608,"2009-02-20 10:13:16"
9,42026,"2012-07-03 20:33:47"
9,42189,"2009-05-09 01:19:04"
9,48021,"2008-11-03 13:13:46"
9,49427,"2010-11-21 15:00:48"
9,78627,"2009-09-02 15:09:47"
9,101006,"2009-03-13 03:21:35"
9,105091,"2010-01-12 12:33:00"
9,143988,"2010-01-06 00:47:48"
9,155827,"2010-02-24 21:29:24"
9,164448,"2009-03-31 09:47:01"
9,166852,"2009-07-22 16:06:28"
9,166853,"2010-01-05 12:12:34"
9,166862,"2010-01-08 14:51:15"
9,166865,"2010-02-28 13:29:37"
9,166869,"2010-01-19 14:31:11"
9,167491,"2013-05-17 06:55:33"
9,198998,"2008-11-03 13:13:46"
9,200724,"2009-11-21 22:21:46"
9,200738,"2010-01-07 10:15:36"
9,208817,"2010-08-24 01:00:59"
9,210107,"2009-10-01 22:48:07"
9,210740,"2009-04-08 21:17:31"
9,234719,"2012-06-29 11:13:22"
9,235748,"2010-09-11 12:22:49"
9,346459,"2011-04-06 08:36:24"
9,375801,"2008-11-03 13:13:46"
9,377446,"2012-02-01 23:32:19"
9,395321,"2010-09-28 03:05:17"
9,448325,"2013-03-30 08:36:41"
9,455246,"2010-03-29 06:49:25"
9,473856,"2008-11-03 13:13:46"
9,667997,"2010-01-13 13:08:29"
9,719927,"2010-02-25 13:54:29"
9,733847,"2013-08-17 02:19:55"
9,845194,"2012-08-23 13:02:19"
9,1624221,"2013-09-24 08:54:48"
9,2435925,"2013-08-23 01:51:09"
9,2951594,"2010-09-28 03:05:17"
10,129,"2009-02-05 22:24:19"
10,465,"2009-02-05 22:24:19"
10,784,"2013-07-17 14:01:05"
10,856,"2009-11-04 17:53:09"
10,963,"2010-05-13 20:10:19"
10,995,"2009-02-05 22:24:19"
10,1003,"2011-03-26 20:04:41"
10,1063,"2009-02-05 22:24:19"
10,1199,"2009-02-05 22:24:19"
10,1651,"2009-02-05 22:24:19"
10,1736,"2010-05-02 22:59:49"
10,1740,"2009-02-05 22:24:19"
10,1831,"2010-04-29 05:42:50"
10,1900,"2012-04-27 11:57:43"
10,2041,"2009-02-05 22:24:19"
10,2122,"2009-02-05 22:24:19"
10,2198,"2013-04-30 23:18:07"
10,2318,"2012-12-08 17:01:31"
10,2427,"2009-02-05 22:24:19"
10,2468,"2009-07-24 09:50:40"
10,2532,"2009-06-19 16:54:00"
10,2567,"2013-02-21 10:07:36"
10,2723,"2009-02-05 22:24:19"
10,2808,"2009-10-07 04:21:37"
10,2823,"2009-02-05 22:24:19"
10,3080,"2009-05-27 22:47:14"
10,3096,"2009-02-05 22:24:19"
10,3142,"2010-01-09 14:49:23"
10,3168,"2013-02-25 07:52:47"
10,3448,"2013-05-17 10:59:55"
10,3871,"2009-12-20 22:57:02"
10,4130,"2013-04-28 16:00:42"
10,4509,"2009-02-05 22:24:19"
10,4567,"2012-05-24 11:42:46"
10,4796,"2009-02-05 22:24:19"
10,4810,"2013-05-01 12:42:51"
10,5064,"2009-02-05 22:24:19"
10,5260,"2009-03-21 22:29:53"
10,5993,"2009-12-21 01:17:59"
10,6221,"2009-02-05 22:24:19"
10,6240,"2012-01-18 11:00:55"
10,6400,"2009-04-07 06:11:03"
10,6535,"2009-02-05 22:24:19"
10,7659,"2009-10-22 13:37:31"
10,7684,"2009-06-11 22:06:21"
10,7780,"2012-12-20 12:07:18"
10,8209,"2010-11-12 23:36:32"
10,8251,"2012-01-26 16:24:26"
10,8267,"2009-02-05 22:24:19"
10,8286,"2009-02-05 22:24:19"
10,8736,"2012-01-03 13:55:58"
10,8961,"2009-04-24 11:30:19"
10,9273,"2009-02-05 22:24:19"
10,9285,"2013-02-18 11:57:00"
10,9326,"2009-02-05 22:24:19"
10,9483,"2013-10-01 17:07:54"
10,9777,"2010-01-03 22:53:12"
10,9779,"2011-02-14 15:26:22"
10,9918,"2013-03-22 12:52:41"
10,9930,"2009-02-05 22:24:19"
10,10044,"2009-02-05 22:24:19"
10,10227,"2009-09-01 06:06:14"
10,10488,"2009-02-05 22:24:19"
10,10689,"2009-02-05 22:24:19"
10,11869,"2013-02-20 18:01:40"
10,12371,"2013-02-22 05:48:45"
10,12821,"2012-09-27 21:42:56"
10,13395,"2009-02-05 22:24:19"
10,13524,"2011-12-13 15:45:53"
10,13690,"2009-02-05 22:24:19"
10,13721,"2011-05-29 09:53:17"
10,13824,"2012-04-27 11:56:34"
10,13839,"2012-05-16 22:11:00"
10,14113,"2009-02-05 22:24:19"
10,14508,"2011-12-29 21:06:03"
10,14771,"2009-02-05 22:24:19"
10,14922,"2012-03-24 10:15:37"
10,15030,"2009-02-05 22:24:19"
10,16042,"2009-02-05 22:24:19"
10,16110,"2009-02-05 22:24:19"
10,17141,"2009-02-05 22:24:19"
10,17358,"2012-07-16 13:29:27"
10,17413,"2010-11-06 21:11:00"
10,17845,"2013-02-22 15:50:23"
10,17857,"2009-02-05 22:24:19"
10,18042,"2013-09-12 09:54:16"
10,18635,"2013-02-16 17:32:15"
10,18686,"2009-02-05 22:24:19"
10,18741,"2010-05-29 21:38:48"
10,20191,"2009-02-05 22:24:19"
10,20679,"2012-08-08 16:35:52"
10,23241,"2012-03-23 17:17:32"
10,24347,"2013-07-16 19:51:23"
10,24771,"2012-02-16 15:53:19"
10,25558,"2009-02-05 22:24:19"
10,25775,"2013-10-16 08:42:48"
10,25843,"2010-05-14 14:49:55"
10,26317,"2012-08-09 07:53:28"
10,27771,"2013-07-25 10:19:15"
10,28464,"2009-02-05 22:24:19"
10,29616,"2009-02-05 22:24:19"
10,30103,"2010-05-23 01:44:33"
10,30510,"2009-03-02 08:40:16"
10,30554,"2009-02-05 22:24:19"
10,31284,"2010-05-27 23:50:38"
10,34077,"2012-02-07 09:07:28"
10,34219,"2009-02-05 22:24:19"
10,34854,"2011-03-29 07:10:09"
10,35500,"2010-03-20 15:44:55"
10,37359,"2010-01-20 01:54:25"
10,37655,"2013-07-17 16:46:03"
10,39311,"2009-02-05 22:24:19"
10,39559,"2013-03-14 17:53:49"
10,40011,"2009-02-05 22:24:19"
10,41621,"2013-06-05 07:17:43"
10,44912,"2011-09-10 21:49:14"
10,46392,"2013-02-16 15:54:21"
10,46834,"2009-02-05 22:24:19"
10,47185,"2010-04-24 14:31:14"
10,50484,"2009-02-05 22:24:19"
10,50721,"2013-10-11 17:14:56"
10,51565,"2009-02-21 16:45:35"
10,51910,"2013-07-16 09:39:25"
10,52204,"2009-02-05 22:24:19"
10,53352,"2009-02-05 22:24:19"
10,53439,"2012-08-09 07:54:13"
10,54417,"2009-05-07 14:58:03"
10,55621,"2013-04-28 19:30:30"
10,55633,"2009-02-05 22:24:19"
10,59940,"2010-03-18 16:24:15"
10,61655,"2009-10-07 13:58:37"
10,61913,"2009-02-05 22:24:19"
10,63270,"2012-02-20 11:31:23"
10,63620,"2012-08-09 07:54:14"
10,63634,"2013-05-01 13:16:51"
10,64919,"2013-09-22 21:57:15"
10,65109,"2013-08-07 17:38:02"
10,65374,"2009-02-05 22:24:19"
10,68070,"2012-12-08 17:54:17"
10,69887,"2009-06-17 03:07:09"
10,72867,"2009-02-17 17:53:16"
10,75407,"2013-11-20 15:28:37"
10,77189,"2013-04-28 21:44:41"
10,78824,"2009-07-14 17:28:37"
10,83685,"2012-09-27 22:13:58"
10,86792,"2009-09-02 14:38:28"
10,89653,"2013-02-01 14:01:26"
10,92865,"2010-10-27 16:40:10"
10,96013,"2013-05-26 15:03:37"
10,96110,"2013-08-27 16:30:42"
10,99677,"2013-04-18 15:01:14"
10,101264,"2010-01-30 14:41:24"
10,102740,"2010-12-08 00:26:06"
10,103948,"2012-10-07 16:30:05"
10,106711,"2013-02-01 18:21:32"
10,107385,"2012-05-16 22:10:07"
10,117388,"2013-02-20 09:16:28"
10,117720,"2009-10-21 17:32:10"
10,119389,"2012-02-01 15:57:01"
10,122056,"2011-02-05 21:22:57"
10,123999,"2012-09-27 21:42:59"
10,124422,"2009-07-30 04:27:01"
10,126091,"2010-11-10 12:21:41"
10,128503,"2013-03-03 23:34:27"
10,128588,"2012-02-01 23:16:15"
10,132837,"2013-10-11 16:16:01"
10,139091,"2010-07-01 08:32:56"
10,141830,"2013-07-10 10:26:54"
10,147384,"2012-01-19 12:16:41"
10,147969,"2012-09-27 22:13:53"
10,152899,"2009-02-05 22:24:19"
10,155792,"2012-02-13 12:25:52"
10,156464,"2012-08-09 07:53:19"
10,158122,"2010-07-10 19:46:09"
10,159050,"2012-08-09 07:54:18"
10,159161,"2013-09-27 08:47:08"
10,161471,"2013-09-26 10:08:19"
10,164087,"2013-03-14 17:51:35"
10,164816,"2012-09-27 21:42:56"
10,165073,"2012-08-09 07:54:05"
10,167694,"2013-08-27 16:30:35"
10,180955,"2012-02-22 20:59:02"
10,181255,"2013-02-18 11:57:26"
10,182017,"2013-09-20 14:35:28"
10,190355,"2013-07-31 22:36:20"
10,193047,"2013-07-17 09:11:02"
10,194855,"2012-08-08 16:35:24"
10,197267,"2010-02-26 11:44:40"
10,215803,"2012-05-08 21:15:59"
10,215809,"2009-02-05 22:24:19"
10,219996,"2012-08-09 07:53:23"
10,222041,"2009-02-05 22:24:19"
10,222794,"2009-05-06 08:10:10"
10,227272,"2010-11-18 20:05:25"
10,254809,"2013-06-16 08:38:54"
10,264754,"2011-06-22 18:24:34"
10,275077,"2013-04-27 19:03:05"
10,275615,"2013-06-26 15:52:24"
10,288147,"2013-02-27 15:58:14"
10,303919,"2010-11-22 16:39:56"
10,303920,"2010-09-20 20:20:54"
10,315176,"2013-02-18 11:57:11"
10,355246,"2009-12-18 22:15:47"
10,372376,"2013-05-11 13:27:51"
10,423044,"2013-06-04 07:18:26"
10,449004,"2013-07-14 20:33:17"
10,460915,"2011-05-29 14:38:36"
10,462474,"2011-10-20 11:28:45"
10,491791,"2013-08-26 09:30:49"
10,496758,"2013-11-07 11:24:08"
10,532585,"2011-01-20 21:15:45"
10,558912,"2013-02-18 11:57:02"
10,576009,"2010-09-09 14:06:34"
10,613442,"2009-06-24 01:17:04"
10,636559,"2010-11-02 08:24:21"
10,653577,"2013-10-30 22:55:38"
10,670205,"2013-06-04 21:50:36"
10,683117,"2013-02-18 11:56:54"
10,714698,"2011-01-10 13:03:07"
10,827926,"2011-08-24 14:00:46"
10,846855,"2010-11-08 08:58:39"
10,904669,"2011-01-03 14:49:20"
10,934409,"2009-04-29 15:25:36"
10,948466,"2013-02-23 14:39:38"
10,1052223,"2009-05-13 23:59:29"
10,1054341,"2013-09-03 05:32:00"
10,1057188,"2012-04-23 08:47:36"
10,1205043,"2013-04-03 15:22:36"
10,1294217,"2013-07-22 08:11:12"
10,1305103,"2013-04-18 16:09:23"
10,1349568,"2010-11-17 15:58:19"
10,1394323,"2013-02-14 16:53:01"
10,1396706,"2012-12-18 09:38:01"
10,1433171,"2013-03-22 19:08:07"
10,1445671,"2013-04-11 09:27:16"
10,1495158,"2013-02-04 10:15:13"
10,1509801,"2012-10-10 11:53:40"
10,1901919,"2013-09-30 07:46:21"
10,1990531,"2013-05-16 15:14:47"
10,2016667,"2012-01-05 03:24:52"
10,2100344,"2013-10-15 09:18:11"
10,2133070,"2013-07-18 09:39:30"
10,2169147,"2010-05-20 00:11:49"
10,2225982,"2009-07-15 18:08:31"
10,2297734,"2013-08-17 00:38:15"
10,2592608,"2013-09-29 11:54:41"
10,2712409,"2009-05-15 04:24:26"
10,2789878,"2010-08-25 13:51:15"
10,3144168,"2009-04-30 14:06:58"
10,3313647,"2010-12-28 01:47:57"
10,3669500,"2014-03-07 11:40:02"
10,3775914,"2009-02-05 22:24:19"
10,4674703,"2009-11-25 18:24:20"
10,4774875,"2009-08-13 21:52:16"
10,5764804,"2011-02-23 00:02:58"
10,6548689,"2009-02-05 22:24:19"
11,3731,"2008-05-30 14:25:28"
11,4896,"2012-04-19 15:25:50"
11,6712,"2010-03-16 08:57:26"
11,15389,"2013-10-22 17:04:46"
11,27387,"2008-05-30 14:25:28"
11,59332,"2008-05-30 14:25:28"
11,165295,"2013-01-25 14:29:33"
11,190127,"2008-05-30 14:25:28"
11,269313,"2012-10-16 09:09:24"
11,457686,"2008-07-25 13:37:24"
13,2,"2009-09-10 17:04:41"
13,20490,"2013-11-04 15:22:58"
13,20822,"2010-08-25 13:13:30"
13,27296,"2009-09-10 17:04:41"
13,41469,"2009-09-10 17:04:41"
13,51692,"2013-08-02 12:37:58"
13,52506,"2013-08-08 11:28:03"
13,70598,"2009-09-10 17:04:41"
13,80533,"2010-10-22 13:24:38"
13,134493,"2013-08-02 12:40:39"
13,161708,"2013-08-02 12:41:44"
13,164774,"2013-11-13 10:19:49"
13,245845,"2009-09-10 17:04:41"
13,397260,"2013-08-08 11:27:23"
13,680375,"2009-09-10 17:04:41"
13,799693,"2011-08-08 10:07:13"
13,894755,"2009-09-10 17:04:41"
13,1255758,"2013-08-02 12:49:40"
13,1445453,"2013-01-28 10:34:39"
13,1460546,"2012-04-27 14:36:24"
13,1690276,"2013-08-02 12:46:23"
13,1698050,"2013-08-02 12:45:53"
13,2203806,"2013-08-08 11:29:36"
13,2486936,"2013-08-26 17:20:35"
13,2967443,"2013-11-21 12:54:32"
13,3587153,"2012-05-22 12:34:19"
14,20991,"2013-02-27 13:34:06"
14,24141,"2010-11-24 06:43:29"
14,104292,"2010-11-24 06:43:29"
14,124524,"2010-11-24 06:43:29"
14,171379,"2010-11-24 06:43:29"
14,239710,"2011-09-27 05:10:17"
14,894327,"2011-09-24 18:46:11"
14,1669123,"2013-01-16 16:10:56"
14,2201486,"2013-04-10 15:33:14"
14,2285163,"2013-04-23 23:46:39"
14,2567506,"2013-09-11 15:43:50"
14,3313350,"2013-07-18 22:30:04"
17,4203,"2008-04-07 09:18:28"
17,33600,"2008-04-07 09:18:28"
17,34208,"2012-09-14 13:20:48"
17,152959,"2008-04-07 09:18:28"
19,129,"2012-03-31 03:24:11"
19,1563,"2008-04-22 17:33:56"
19,1564,"2008-04-22 17:33:56"
19,1570,"2008-04-22 17:33:56"
19,2427,"2008-04-22 17:33:56"
19,3892,"2008-04-22 17:33:56"
19,5027,"2009-10-15 18:19:57"
19,5995,"2008-04-22 17:33:56"
19,7279,"2008-04-22 17:33:56"
19,11492,"2008-04-22 17:33:56"
19,13718,"2008-04-22 17:33:56"
19,14424,"2008-04-22 17:33:56"
19,15564,"2012-03-01 22:22:08"
19,16042,"2008-04-22 17:33:56"
19,16417,"2011-01-05 15:07:34"
19,16520,"2009-10-20 16:54:24"
19,18005,"2008-07-06 04:34:41"
19,18141,"2009-02-12 12:12:46"
19,22400,"2009-04-28 02:08:55"
19,29085,"2010-04-15 07:12:31"
19,30867,"2008-10-22 00:36:30"
19,34169,"2008-07-22 14:49:23"
19,34581,"2008-04-22 17:33:56"
19,38036,"2009-10-06 21:13:13"
19,38766,"2008-10-13 21:19:57"
19,47375,"2008-07-11 04:04:48"
19,49893,"2008-10-16 04:42:41"
19,65477,"2012-01-27 08:47:07"
19,66306,"2013-10-11 21:27:48"
19,70803,"2009-03-31 13:17:02"
19,73004,"2010-10-19 15:04:49"
19,86991,"2013-07-24 19:29:09"
19,99674,"2008-04-22 17:33:56"
19,108211,"2010-08-16 08:13:04"
19,108920,"2009-10-13 16:41:36"
19,170802,"2008-10-08 20:07:45"
19,193765,"2008-04-22 17:33:56"
19,307551,"2008-04-22 17:33:56"
19,596493,"2012-08-24 15:51:35"
19,652820,"2008-09-02 23:50:04"
19,1530257,"2008-10-13 21:19:57"
19,1743451,"2013-03-18 19:30:20"
19,2450349,"2013-10-30 19:47:40"
21,64274,"2012-04-19 12:58:45"
21,70935,"2012-08-13 10:16:09"
21,87046,"2012-04-22 11:28:51"
21,98772,"2012-07-25 11:55:28"
21,196079,"2011-02-14 10:39:32"
21,385541,"2012-07-17 10:37:23"
21,385542,"2012-08-15 10:52:05"
21,388082,"2012-08-21 15:36:33"
21,496201,"2012-06-08 16:31:09"
21,551097,"2012-04-22 11:40:40"
22,66894,"2012-02-06 15:00:40"
26,27,"2012-08-02 20:22:51"
26,988,"2012-08-14 17:42:00"
26,1063,"2012-08-13 18:48:48"
26,1556,"2008-12-26 20:21:00"
26,2723,"2012-08-14 15:55:42"
26,5260,"2009-03-21 22:29:53"
26,6178,"2012-06-05 05:12:39"
26,7059,"2012-08-26 15:33:46"
26,7124,"2010-07-31 23:41:02"
26,8209,"2010-11-12 23:36:32"
26,8408,"2009-12-07 18:45:30"
26,9103,"2009-03-17 14:04:16"
26,9273,"2008-09-15 15:04:15"
26,9364,"2008-12-13 11:44:43"
26,11795,"2012-07-23 14:43:36"
26,13395,"2008-09-15 15:04:15"
26,15462,"2008-09-15 15:04:15"
26,17112,"2012-08-27 14:21:11"
26,22791,"2010-01-17 12:55:54"
26,23990,"2012-01-30 08:45:11"
26,24771,"2008-09-15 15:04:15"
26,25534,"2012-07-08 16:25:41"
26,28408,"2011-08-02 14:26:48"
26,31160,"2012-07-10 08:41:10"
26,36052,"2011-03-02 21:53:49"
26,42026,"2012-03-21 10:29:21"
26,42579,"2009-02-12 19:43:46"
26,48889,"2012-12-15 13:11:12"
26,52204,"2008-09-15 15:04:15"
26,53439,"2010-01-03 02:31:23"
26,66154,"2008-12-19 12:47:03"
26,66925,"2013-02-20 11:01:24"
26,67469,"2012-06-03 08:05:39"
26,68648,"2009-08-31 17:42:03"
26,90962,"2012-07-31 19:24:35"
26,91053,"2012-05-23 12:06:54"
26,108686,"2009-08-04 13:36:10"
26,134106,"2008-09-15 15:04:15"
26,209619,"2012-02-25 20:50:19"
26,220332,"2013-02-17 15:51:19"
26,222624,"2013-02-22 09:14:09"
26,303059,"2013-09-13 22:57:13"
26,303060,"2009-12-28 21:22:18"
26,307302,"2010-11-09 16:07:43"
26,311360,"2010-01-06 11:17:20"
26,336663,"2010-12-13 14:55:31"
26,421525,"2012-08-14 15:55:57"
26,483198,"2013-03-14 15:27:23"
26,554769,"2013-03-29 12:29:56"
26,629105,"2011-03-18 02:48:28"
26,1281853,"2013-05-26 13:05:31"
26,1736164,"2012-10-26 12:17:08"
26,2116833,"2011-11-30 10:33:54"
26,4589510,"2012-02-06 10:55:41"
29,35914,"2010-12-03 00:22:03"
29,152907,"2010-05-07 17:13:47"
29,443093,"2010-04-27 09:20:42"
29,565090,"2011-04-19 16:56:16"
29,1542301,"2013-02-14 06:29:04"
32,28,"2012-02-22 02:06:31"
32,2099,"2012-06-25 12:18:40"
32,4594,"2010-11-23 13:02:36"
32,20270,"2012-02-08 14:34:23"
32,57929,"2012-05-25 10:35:37"
32,71718,"2012-07-06 14:20:37"
32,97027,"2011-05-13 07:38:57"
32,242536,"2010-11-23 13:02:36"
32,2185772,"2013-06-13 17:24:50"
32,3749319,"2011-04-07 19:15:53"
33,3789,"2009-03-11 09:05:21"
33,382709,"2010-07-07 15:42:48"
37,123472,"2013-03-03 14:38:31"
37,171122,"2013-03-02 22:33:47"
37,190508,"2012-06-27 14:36:51"
37,310136,"2013-03-03 14:38:32"
37,500896,"2011-03-01 19:28:41"
37,728000,"2012-09-10 06:02:16"
40,4594,"2009-08-29 16:26:13"
43,29,"2010-07-27 05:56:42"
43,31,"2010-07-27 05:56:42"
43,2532,"2010-07-27 05:56:42"
43,5094,"2011-04-14 15:57:13"
43,92751,"2012-06-29 08:09:31"
43,344352,"2010-07-27 05:56:42"
43,406948,"2013-04-07 07:44:26"
43,770487,"2010-07-27 05:56:42"
43,873711,"2010-11-19 08:47:31"
43,1224313,"2012-12-08 16:34:47"
43,1304128,"2013-04-24 09:08:11"
43,1455983,"2013-07-23 04:03:27"
43,2164265,"2013-07-23 04:03:32"
45,4594,"2012-02-10 18:31:17"
45,33870,"2011-11-18 21:39:48"
46,169654,"2012-05-30 02:13:24"
46,919991,"2012-05-01 10:57:11"
46,1358071,"2013-02-06 21:57:48"
46,1424394,"2012-12-20 23:17:59"
47,28,"2012-03-16 04:32:51"
47,30,"2010-11-19 09:06:45"
47,78,"2009-06-22 16:13:10"
47,216,"2009-06-22 16:13:10"
47,717,"2010-07-01 15:07:59"
47,872,"2009-11-25 04:40:05"
47,896,"2009-06-22 16:13:10"
47,1199,"2009-06-22 16:13:10"
47,1771,"2009-06-22 16:13:10"
47,1779,"2009-06-22 16:13:10"
47,1903,"2009-06-22 16:13:10"
47,1954,"2009-06-22 16:13:10"
47,2084,"2009-10-25 14:34:39"
47,2276,"2013-06-17 03:20:16"
47,2415,"2011-06-15 18:08:02"
47,2425,"2010-02-28 11:23:17"
47,2427,"2009-06-22 16:13:10"
47,2812,"2012-07-08 04:31:30"
47,2831,"2012-04-23 02:47:09"
47,2941,"2011-05-03 09:52:25"
47,3808,"2010-06-14 08:43:12"
47,3892,"2009-06-22 16:13:10"
47,4567,"2012-09-24 17:02:47"
47,4608,"2009-10-14 04:55:58"
47,4775,"2009-06-22 16:13:10"
47,5113,"2009-12-02 16:32:35"
47,5823,"2009-06-22 16:13:10"
47,5995,"2009-06-22 16:13:10"
47,6378,"2009-06-22 16:13:10"
47,7165,"2009-06-22 16:13:10"
47,7536,"2012-07-12 17:04:45"
47,7828,"2013-04-01 15:46:52"
47,8538,"2012-01-03 02:20:44"
47,9014,"2009-06-22 16:13:10"
47,9364,"2009-06-22 16:13:10"
47,10044,"2009-06-22 16:13:10"
47,10161,"2012-08-09 16:16:35"
47,10189,"2009-06-22 16:13:10"
47,10256,"2013-02-28 15:47:57"
47,11213,"2011-01-04 11:44:48"
47,11740,"2009-06-22 16:13:10"
47,11795,"2009-06-22 16:13:10"
47,11917,"2009-06-22 16:13:10"
47,12215,"2012-02-27 08:08:15"
47,12414,"2012-02-20 15:49:38"
47,12417,"2009-06-22 16:13:10"
47,13511,"2009-06-22 16:13:10"
47,13544,"2009-06-22 16:13:10"
47,14085,"2012-04-17 11:30:51"
47,14264,"2009-12-11 15:48:38"
47,14473,"2009-12-22 05:33:17"
47,14828,"2013-06-16 18:33:31"
47,15485,"2009-12-10 07:07:16"
47,15623,"2009-10-09 12:52:04"
47,15739,"2012-05-28 15:30:31"
47,16110,"2009-06-22 16:13:10"
47,17034,"2011-07-13 05:11:18"
47,17141,"2009-06-22 16:13:10"
47,17405,"2010-04-29 00:03:03"
47,17638,"2012-09-25 18:47:10"
47,17645,"2012-07-08 04:29:06"
47,17759,"2009-06-22 16:13:10"
47,17775,"2012-04-30 15:31:01"
47,17781,"2009-06-22 16:13:10"
47,17895,"2013-01-20 18:59:27"
47,18493,"2013-03-28 14:36:34"
47,18508,"2010-02-26 11:11:18"
47,18735,"2009-06-22 16:13:10"
47,19113,"2012-07-07 16:37:41"
47,19640,"2012-08-09 16:15:21"
47,20448,"2012-05-28 16:34:34"
47,20672,"2012-08-01 17:44:37"
47,23559,"2010-11-17 15:26:29"
47,23880,"2010-11-14 23:16:23"
47,24219,"2012-08-23 17:06:55"
47,24697,"2010-02-18 22:18:30"
47,25534,"2010-10-08 15:39:49"
47,25603,"2010-05-05 20:11:46"
47,26245,"2012-07-07 16:38:18"
47,27024,"2013-05-15 14:21:30"
47,28053,"2013-02-07 02:30:21"
47,28621,"2012-09-24 16:30:35"
47,30217,"2012-07-07 16:50:08"
47,30552,"2009-09-09 05:10:43"
47,31163,"2009-06-22 16:13:10"
47,32174,"2012-04-30 15:12:29"
47,33018,"2009-06-22 16:13:10"
47,33176,"2012-03-21 13:26:16"
47,34031,"2009-06-22 16:13:10"
47,34465,"2012-08-14 01:48:37"
47,38367,"2010-10-30 21:31:35"
47,38574,"2009-06-22 16:13:10"
47,41002,"2009-06-22 16:13:10"
47,42486,"2011-01-17 15:22:52"
47,42971,"2013-03-18 10:27:14"
47,45621,"2010-11-04 06:26:48"
47,46606,"2009-06-22 16:13:10"
47,48984,"2012-06-16 10:18:11"
47,51508,"2012-02-24 09:40:10"
47,52576,"2012-05-08 15:27:21"
47,60903,"2009-06-22 16:13:10"
47,61932,"2010-10-14 04:58:09"
47,65433,"2013-02-20 02:00:29"
47,66154,"2009-06-22 16:13:10"
47,66637,"2012-03-22 17:31:03"
47,68524,"2009-10-19 16:36:38"
47,70991,"2009-11-07 14:23:45"
47,74479,"2009-06-22 16:13:10"
47,79603,"2009-06-22 16:13:10"
47,83206,"2012-07-08 06:25:50"
47,87196,"2012-04-29 11:07:12"
47,89375,"2009-06-22 16:13:10"
47,90813,"2012-05-07 04:24:21"
47,91808,"2010-03-06 19:44:16"
47,91852,"2013-01-07 15:20:12"
47,98009,"2012-08-09 16:13:39"
47,99688,"2011-07-30 14:56:08"
47,100074,"2009-07-21 18:54:12"
47,100340,"2013-02-07 11:29:42"
47,107138,"2013-01-01 14:54:08"
47,107557,"2010-06-23 17:57:50"
47,107695,"2012-04-23 09:09:34"
47,109090,"2011-01-30 00:13:44"
47,111040,"2011-01-21 16:12:29"
47,115808,"2011-03-13 18:31:02"
47,116651,"2013-05-08 15:54:54"
47,123126,"2012-04-07 15:30:38"
47,123326,"2012-01-08 23:51:20"
47,126398,"2009-06-22 16:13:10"
47,126508,"2009-06-22 16:13:10"
47,128403,"2009-06-22 16:13:10"
47,129531,"2009-06-22 16:13:10"
47,133439,"2009-06-22 16:13:10"
47,140366,"2013-06-04 03:38:51"
47,142884,"2010-08-03 18:18:31"
47,145334,"2012-04-28 03:06:23"
47,149023,"2009-06-22 16:13:10"
47,154706,"2012-07-09 00:48:07"
47,156665,"2009-06-22 16:13:10"
47,158306,"2011-09-08 09:09:12"
47,173039,"2010-11-04 04:13:56"
47,175912,"2011-08-14 01:55:12"
47,198489,"2009-06-22 16:13:10"
47,207564,"2009-06-22 16:13:10"
47,210375,"2010-02-10 09:51:36"
47,219154,"2009-06-22 16:13:10"
47,229834,"2011-01-08 06:53:11"
47,235908,"2009-06-22 16:13:10"
47,236647,"2013-10-04 09:08:15"
47,242536,"2010-08-30 15:29:28"
47,249440,"2013-01-17 16:50:28"
47,251876,"2012-04-01 03:22:03"
47,254192,"2009-06-28 15:29:47"
47,256876,"2012-06-29 03:04:42"
47,257315,"2009-06-22 16:13:10"
47,259217,"2013-06-18 18:10:45"
47,261392,"2009-06-22 16:13:10"
47,262227,"2009-06-22 16:13:10"
47,272011,"2012-09-24 16:50:16"
47,302608,"2011-06-23 08:24:50"
47,318596,"2012-09-24 16:58:42"
47,327348,"2011-01-10 15:05:17"
47,339548,"2010-04-26 09:14:48"
47,339979,"2009-10-29 06:50:20"
47,339980,"2011-05-04 09:29:20"
47,339981,"2012-03-10 05:01:55"
47,350197,"2013-04-01 14:04:24"
47,374266,"2010-11-02 17:47:40"
47,396914,"2012-04-17 09:19:50"
47,409594,"2013-03-30 15:55:20"
47,414042,"2011-03-14 08:09:40"
47,419977,"2009-06-22 16:13:10"
47,426607,"2011-11-02 15:40:54"
47,454878,"2011-11-29 10:47:19"
47,460360,"2009-06-22 16:13:10"
47,534677,"2012-08-19 17:28:11"
47,538670,"2009-06-22 16:13:10"
47,560027,"2011-03-02 19:45:49"
47,634005,"2010-08-31 21:02:26"
47,660745,"2011-11-01 07:22:49"
47,754865,"2013-01-02 17:09:33"
47,767347,"2012-09-15 18:21:15"
47,795014,"2012-09-07 16:54:37"
47,905671,"2010-12-08 14:37:52"
47,930127,"2010-11-18 19:08:27"
47,963217,"2012-06-07 22:29:34"
47,1032361,"2012-03-11 14:41:35"
47,1106807,"2012-10-30 12:21:57"
47,1116701,"2011-02-03 16:24:13"
47,1294188,"2012-11-01 14:00:02"
47,1296086,"2012-10-24 18:04:04"
47,1701370,"2013-01-22 21:29:40"
47,1849782,"2013-05-16 03:11:29"
47,1930406,"2010-01-08 02:40:27"
47,2010066,"2013-05-20 09:51:31"
47,2022766,"2012-05-31 15:25:13"
47,2576709,"2011-06-15 18:08:02"
47,3044375,"2012-06-09 13:32:17"
47,3245378,"2013-03-09 04:21:00"
47,3765585,"2009-06-22 16:13:10"
47,3875389,"2009-06-22 16:13:10"
47,4686130,"2011-01-17 15:22:52"
47,5981254,"2010-10-13 18:01:38"
47,6245398,"2014-03-14 21:27:18"
47,6361674,"2014-12-10 02:04:03"
47,6865494,"2011-04-15 19:05:31"
48,2427,"2010-02-11 22:35:56"
48,2573,"2013-08-05 21:12:16"
48,35734,"2010-02-11 22:35:56"
48,65665,"2013-05-15 15:09:40"
48,176896,"2013-05-15 15:09:35"
48,1308389,"2012-05-15 12:01:03"
49,13684,"2012-03-18 02:45:57"
49,123486,"2012-03-18 03:15:14"
49,221695,"2012-03-18 02:43:30"
51,21616,"2011-04-24 21:22:49"
51,254762,"2012-10-02 12:33:25"
51,1845570,"2013-04-26 10:06:31"
51,3243407,"2014-01-18 01:47:30"
52,31,"2012-06-09 14:24:57"
52,8823,"2012-03-14 22:57:42"
52,26816,"2010-01-13 15:56:07"
52,200895,"2011-08-31 23:18:17"
54,28,"2012-05-07 17:09:27"
54,31,"2012-12-01 09:56:06"
54,33,"2010-04-21 11:31:28"
54,1954,"2010-04-21 11:31:28"
54,3596,"2012-05-04 07:24:04"
54,3789,"2012-03-21 05:31:54"
54,5225,"2011-04-09 06:30:54"
54,6240,"2012-03-27 17:03:03"
54,8335,"2012-04-09 16:25:50"
54,9255,"2012-04-18 06:10:12"
54,10010,"2010-04-21 11:31:28"
54,18128,"2012-04-06 04:33:30"
54,18720,"2012-03-31 05:39:50"
54,19076,"2012-07-07 18:22:03"
54,23583,"2010-12-16 09:42:11"
54,47938,"2010-04-21 11:31:28"
54,123757,"2012-02-24 05:25:53"
54,123954,"2011-12-17 12:23:52"
54,277067,"2011-03-24 05:13:47"
54,376498,"2010-04-21 11:31:28"
54,994825,"2012-02-13 12:54:11"
54,1681536,"2013-03-02 09:30:13"
54,1719660,"2013-03-18 04:05:14"
54,1931162,"2013-08-20 18:16:59"
54,2005326,"2012-10-27 06:58:00"
54,2809401,"2012-06-13 13:01:59"
54,3856809,"2014-04-24 09:47:35"
55,28,"2012-05-20 06:08:53"
55,5070,"2012-06-11 02:06:49"
56,91545,"2011-03-02 15:37:08"
57,31,"2012-02-17 13:38:49"
57,58,"2012-04-04 05:12:28"
57,4594,"2011-05-16 02:35:20"
57,4775,"2011-05-16 02:35:20"
57,5117,"2013-03-19 03:31:14"
57,5474,"2011-05-16 02:35:20"
57,6400,"2012-06-02 14:36:28"
57,6573,"2013-01-29 09:23:01"
57,8527,"2011-05-16 02:35:20"
57,12690,"2011-05-16 02:35:20"
57,13511,"2011-05-16 02:35:20"
57,18385,"2011-05-16 02:35:20"
57,18788,"2013-03-21 14:27:41"
57,19317,"2011-05-16 02:35:20"
57,28538,"2011-05-16 02:35:20"
57,34133,"2012-12-22 03:45:23"
57,37650,"2012-08-22 16:17:18"
57,37934,"2012-06-01 03:44:16"
57,39703,"2011-05-16 02:35:20"
57,41506,"2011-05-16 02:35:20"
57,43495,"2012-04-11 16:25:20"
57,45495,"2011-05-16 02:35:20"
57,72091,"2012-10-10 14:21:58"
57,74603,"2012-04-11 16:51:54"
57,81503,"2011-05-16 02:35:20"
57,97027,"2013-04-12 03:26:14"
57,130302,"2011-11-03 11:05:05"
57,147518,"2011-05-16 02:35:20"
57,176799,"2011-05-16 02:35:20"
57,242536,"2013-04-21 16:55:52"
57,1462495,"2013-05-20 08:47:33"
57,1596635,"2013-02-21 01:55:16"
57,1836285,"2012-12-20 02:04:31"
57,1882800,"2013-04-01 21:44:58"
57,2020826,"2013-04-28 10:11:15"
57,7950264,"2011-05-16 02:35:20"
58,2,"2012-04-04 07:24:25"
58,7,"2012-07-30 12:03:40"
58,26,"2012-08-14 20:17:19"
58,27,"2012-04-04 07:12:55"
58,28,"2012-07-13 19:09:20"
58,31,"2012-05-14 03:12:38"
58,32,"2012-06-01 10:46:34"
58,33,"2012-09-19 11:59:20"
58,47,"2012-06-03 18:26:25"
58,53,"2012-09-13 12:52:05"
58,69,"2012-04-04 06:39:38"
58,71,"2012-07-30 20:17:20"
58,78,"2012-04-04 05:59:57"
58,84,"2012-04-04 06:57:05"
58,85,"2012-07-24 19:25:00"
58,92,"2012-07-30 20:24:12"
58,93,"2012-04-04 05:59:05"
58,108,"2012-04-04 05:47:50"
58,109,"2012-07-26 22:07:33"
58,113,"2012-04-04 05:12:28"
58,129,"2012-04-04 12:14:03"
58,142,"2012-04-04 05:54:45"
58,143,"2012-04-04 05:12:28"
58,150,"2012-07-30 20:25:02"
58,159,"2012-04-04 06:51:51"
58,161,"2012-04-04 05:12:28"
58,163,"2012-05-14 23:38:51"
58,165,"2012-05-11 00:41:49"
58,168,"2012-04-07 06:31:03"
58,189,"2012-04-04 06:33:24"
58,202,"2012-04-04 06:37:14"
58,203,"2012-04-04 07:00:49"
58,208,"2012-06-07 02:32:35"
58,216,"2012-04-04 06:44:33"
58,217,"2012-04-04 05:59:21"
58,225,"2012-04-04 06:14:14"
58,230,"2012-07-06 23:31:38"
58,231,"2012-07-03 15:47:33"
58,242,"2012-04-04 05:12:28"
58,245,"2012-04-04 07:08:15"
58,248,"2012-09-02 20:59:27"
58,259,"2012-07-30 20:21:54"
58,264,"2012-07-17 19:28:39"
58,269,"2012-07-30 12:05:13"
58,272,"2012-04-04 05:58:44"
58,289,"2012-04-04 06:07:23"
58,301,"2012-07-30 20:19:32"
58,302,"2012-05-11 23:03:15"
58,303,"2012-04-04 12:03:42"
58,306,"2012-06-26 23:50:12"
58,307,"2012-04-04 06:10:13"
58,309,"2012-07-30 20:18:21"
58,318,"2012-04-04 05:12:28"
58,319,"2012-05-04 00:07:12"
58,325,"2012-04-04 07:06:43"
58,328,"2012-08-08 01:37:37"
58,330,"2012-04-22 23:09:47"
58,332,"2012-07-30 20:20:44"
58,333,"2012-06-21 22:36:08"
58,337,"2012-04-04 06:24:48"
58,346,"2012-07-30 12:04:33"
58,350,"2012-04-04 07:08:41"
58,352,"2012-08-08 02:34:22"
58,355,"2012-04-04 07:33:26"
58,376,"2012-06-23 06:53:52"
58,386,"2012-04-04 06:26:05"
58,388,"2012-07-27 16:56:00"
58,390,"2012-04-04 06:01:32"
58,391,"2012-04-04 07:08:49"
58,392,"2012-04-04 05:48:55"
58,395,"2012-04-04 07:40:12"
58,401,"2012-04-04 05:12:28"
58,404,"2012-07-11 16:54:34"
58,409,"2012-04-04 05:12:28"
58,412,"2012-04-04 05:54:09"
58,418,"2012-04-04 05:44:14"
58,419,"2012-07-30 20:19:34"
58,421,"2012-04-07 06:28:29"
58,423,"2012-07-22 22:18:14"
58,425,"2012-08-31 12:18:40"
58,433,"2012-07-30 20:20:40"
58,435,"2012-07-12 13:28:11"
58,436,"2012-06-01 16:34:28"
58,439,"2012-07-30 12:12:31"
58,444,"2012-04-04 06:08:14"
58,452,"2012-04-04 06:40:53"
58,454,"2012-06-21 08:27:05"
58,461,"2012-07-30 20:20:37"
58,465,"2012-04-04 06:24:51"
58,470,"2012-06-29 13:34:27"
58,480,"2012-09-14 23:00:36"
58,485,"2012-07-10 12:28:37"
58,491,"2012-04-28 10:20:42"
58,511,"2012-04-07 06:31:43"
58,517,"2012-07-13 08:13:11"
58,532,"2012-08-07 16:47:46"
58,539,"2012-07-13 18:52:21"
58,547,"2012-04-04 06:10:44"
58,555,"2012-04-04 06:52:47"
58,560,"2012-06-05 18:19:39"
58,581,"2012-08-29 21:39:32"
58,584,"2012-07-11 11:22:59"
58,588,"2012-04-29 07:21:04"
58,596,"2012-04-04 05:12:28"
58,603,"2012-09-20 17:29:02"
58,612,"2012-04-12 10:38:18"
58,617,"2012-04-04 06:50:14"
58,623,"2012-04-04 06:00:50"
58,632,"2012-05-26 01:37:35"
58,640,"2012-04-04 06:53:31"
58,648,"2012-07-13 14:52:48"
58,651,"2012-06-24 20:28:45"
58,654,"2012-08-07 13:47:00"
58,663,"2012-07-30 19:57:19"
58,666,"2012-04-04 07:39:48"
58,672,"2012-04-04 05:12:28"
58,676,"2012-04-04 05:12:28"
58,697,"2012-04-04 05:12:28"
58,698,"2012-08-02 11:00:39"
58,706,"2012-04-04 06:32:30"
58,708,"2012-04-04 07:36:42"
58,709,"2012-05-22 15:22:45"
58,714,"2012-04-04 06:22:42"
58,724,"2012-05-15 17:15:28"
58,733,"2012-04-04 06:58:16"
58,764,"2012-05-21 14:22:39"
58,765,"2012-05-01 02:04:11"
58,766,"2012-04-04 05:12:28"
58,767,"2012-05-12 08:46:13"
58,773,"2012-07-01 05:17:38"
58,775,"2012-09-13 14:39:42"
58,777,"2012-04-04 06:24:09"
58,784,"2012-06-22 11:11:48"
58,792,"2012-04-04 07:31:42"
58,796,"2012-04-04 05:43:59"
58,799,"2012-04-04 05:57:21"
58,807,"2012-04-04 05:12:28"
58,815,"2012-07-12 13:30:39"
58,821,"2012-04-04 05:12:28"
58,823,"2012-04-04 05:56:48"
58,828,"2012-06-01 10:17:03"
58,840,"2012-04-04 06:16:59"
58,841,"2012-04-07 06:29:10"
58,847,"2012-07-30 12:04:25"
58,851,"2012-04-04 05:12:28"
58,856,"2012-06-13 14:28:50"
58,858,"2012-04-04 05:12:28"
58,859,"2012-04-04 05:42:40"
58,861,"2012-09-15 16:56:26"
58,864,"2012-09-20 15:31:14"
58,867,"2012-09-02 21:40:05"
58,869,"2012-07-13 17:26:22"
58,872,"2012-04-04 07:32:09"
58,873,"2012-07-31 22:40:59"
58,875,"2012-05-19 04:09:41"
58,877,"2012-04-04 06:21:17"
58,892,"2012-06-20 03:12:08"
58,896,"2012-04-25 10:07:28"
58,935,"2012-07-30 20:18:19"
58,940,"2012-07-01 15:27:40"
58,942,"2012-04-04 06:39:31"
58,947,"2012-08-18 16:30:22"
58,948,"2012-05-28 02:26:07"
58,961,"2012-07-30 12:03:44"
58,962,"2012-04-04 05:56:55"
58,963,"2012-04-04 06:37:35"
58,964,"2012-05-01 05:12:29"
58,966,"2012-06-25 15:02:26"
58,971,"2012-07-21 16:29:13"
58,974,"2012-04-04 05:48:08"
58,978,"2012-05-28 19:26:53"
58,979,"2012-04-07 06:32:49"
58,986,"2012-04-07 06:32:46"
58,988,"2012-04-04 07:01:26"
58,989,"2012-04-04 05:50:11"
58,990,"2012-04-07 06:32:56"
58,992,"2012-04-04 05:44:20"
58,995,"2012-04-04 05:46:41"
58,997,"2012-04-07 06:32:54"
58,998,"2012-08-09 16:16:08"
58,999,"2012-04-04 06:26:17"
58,1001,"2012-04-04 05:48:15"
58,1003,"2012-04-04 12:24:13"
58,1004,"2012-06-08 01:30:03"
58,1005,"2012-04-04 06:02:49"
58,1008,"2012-04-04 05:12:28"
58,1019,"2012-04-04 05:41:47"
58,1023,"2012-04-04 07:28:21"
58,1026,"2012-04-04 05:57:08"
58,1039,"2012-04-04 05:12:28"
58,1041,"2012-07-13 20:04:30"
58,1058,"2012-04-04 05:12:28"
58,1059,"2012-04-04 05:41:42"
58,1063,"2012-04-04 05:40:48"
58,1075,"2012-04-04 05:48:13"
58,1079,"2012-08-13 20:34:37"
58,1082,"2012-04-29 16:34:06"
58,1083,"2012-04-04 05:12:28"
58,1091,"2012-04-04 06:37:30"
58,1093,"2012-09-11 10:56:04"
58,1095,"2012-06-28 21:51:01"
58,1096,"2012-04-04 05:48:08"
58,1100,"2012-04-04 05:48:18"
58,1101,"2012-04-04 06:09:02"
58,1115,"2012-07-05 19:38:47"
58,1117,"2012-04-04 05:48:13"
58,1118,"2012-04-04 05:12:28"
58,1120,"2012-05-23 22:48:30"
58,1145,"2012-04-04 05:51:41"
58,1146,"2012-04-04 06:36:54"
58,1148,"2012-04-04 06:59:13"
58,1149,"2012-04-04 07:28:20"
58,1152,"2012-04-04 06:58:28"
58,1199,"2012-04-04 05:51:37"
58,1221,"2012-06-11 17:37:01"
58,1246,"2012-05-20 23:05:58"
58,1247,"2012-04-04 05:48:18"
58,1249,"2012-08-03 15:26:21"
58,1251,"2012-04-04 05:56:44"
58,1262,"2012-08-28 21:34:08"
58,1265,"2012-05-16 16:57:40"
58,1267,"2012-07-07 12:11:56"
58,1275,"2012-07-30 12:08:12"
58,1276,"2012-04-04 05:48:16"
58,1282,"2012-09-18 13:03:48"
58,1284,"2012-08-07 14:38:47"
58,1286,"2012-04-04 06:05:39"
58,1304,"2012-04-04 05:12:28"
58,1307,"2012-04-04 05:12:28"
58,1314,"2012-08-17 21:45:22"
58,1318,"2012-04-04 05:12:28"
58,1320,"2012-04-04 07:07:15"
58,1326,"2012-04-04 05:48:52"
58,1327,"2012-08-29 16:12:13"
58,1338,"2012-05-11 08:49:43"
58,1358,"2012-08-11 19:26:16"
58,1364,"2012-07-10 12:25:04"
58,1380,"2012-05-18 22:41:24"
58,1388,"2012-04-04 05:12:28"
58,1389,"2012-08-28 21:37:14"
58,1399,"2012-08-05 10:21:03"
58,1412,"2012-07-25 00:53:44"
58,1420,"2012-07-12 13:24:36"
58,1428,"2012-04-04 05:12:28"
58,1456,"2012-04-04 05:12:28"
58,1463,"2012-06-06 15:09:31"
58,1484,"2012-04-04 05:12:28"
58,1498,"2012-08-07 12:22:37"
58,1510,"2012-10-10 00:03:44"
58,1514,"2012-07-11 14:18:41"
58,1520,"2012-08-30 20:53:36"
58,1531,"2012-07-17 00:42:23"
58,1534,"2012-08-02 19:35:06"
58,1539,"2012-04-04 05:12:28"
58,1550,"2012-04-04 07:27:33"
58,1556,"2012-04-04 05:12:28"
58,1557,"2012-04-04 05:42:45"
58,1558,"2012-05-22 06:15:49"
58,1561,"2012-04-04 05:12:28"
58,1563,"2012-04-04 12:08:53"
58,1564,"2012-04-04 12:13:58"
58,1567,"2012-07-12 13:40:16"
58,1568,"2012-05-31 18:06:22"
58,1569,"2012-04-04 05:51:27"
58,1570,"2012-04-04 12:03:19"
58,1571,"2012-04-04 07:14:54"
58,1578,"2012-06-13 04:17:24"
58,1584,"2012-04-04 05:58:14"
58,1586,"2012-04-04 07:26:15"
58,1588,"2012-04-04 06:39:43"
58,1590,"2012-06-24 21:58:32"
58,1591,"2012-04-04 07:27:23"
58,1592,"2012-08-19 15:21:45"
58,1601,"2012-04-04 06:24:19"
58,1606,"2012-04-04 05:12:28"
58,1607,"2012-04-04 07:07:09"
58,1611,"2012-04-04 06:17:46"
58,1619,"2012-09-18 10:52:44"
58,1620,"2012-06-13 04:19:00"
58,1628,"2012-04-04 05:12:28"
58,1630,"2012-04-04 07:24:12"
58,1636,"2012-06-18 02:55:56"
58,1637,"2012-04-04 06:08:34"
58,1643,"2012-06-10 09:42:35"
58,1646,"2012-05-21 22:21:06"
58,1647,"2012-07-16 13:50:04"
58,1651,"2012-04-04 05:56:31"
58,1654,"2012-04-04 06:37:52"
58,1662,"2012-04-04 06:42:13"
58,1663,"2012-04-23 21:14:23"
58,1667,"2012-09-14 11:05:32"
58,1692,"2012-04-04 05:12:28"
58,1700,"2012-04-04 06:13:20"
58,1703,"2012-04-04 06:32:29"
58,1706,"2012-04-04 05:56:17"
58,1713,"2012-06-29 09:00:57"
58,1714,"2012-04-04 07:08:14"
58,1733,"2012-08-08 18:04:53"
58,1736,"2012-04-04 05:42:10"
58,1737,"2012-09-17 21:09:49"
58,1740,"2012-04-04 05:43:53"
58,1750,"2012-04-04 05:12:28"
58,1751,"2012-08-02 20:30:37"
58,1753,"2012-04-04 05:12:28"
58,1759,"2012-04-04 05:12:28"
58,1761,"2012-04-04 05:45:06"
58,1769,"2012-07-12 13:16:26"
58,1771,"2012-07-12 13:27:08"
58,1772,"2012-04-04 06:42:11"
58,1779,"2012-04-04 05:49:56"
58,1783,"2012-08-22 18:33:58"
58,1784,"2012-04-04 07:03:59"
58,1804,"2012-08-18 19:18:11"
58,1818,"2012-05-31 20:58:50"
58,1831,"2012-04-04 05:48:27"
58,1863,"2012-05-29 06:50:56"
58,1869,"2012-04-04 06:21:17"
58,1874,"2012-08-09 12:53:09"
58,1880,"2012-04-04 05:12:28"
58,1889,"2012-04-04 06:39:16"
58,1900,"2012-04-04 12:24:39"
58,1903,"2012-04-04 05:46:45"
58,1905,"2012-05-03 00:47:48"
58,1906,"2012-06-06 21:46:00"
58,1907,"2012-05-08 11:27:16"
58,1934,"2012-04-04 05:43:40"
58,1945,"2012-08-23 19:21:58"
58,1949,"2012-08-02 20:33:28"
58,1954,"2012-04-04 05:42:07"
58,1958,"2012-08-07 22:23:35"
58,1960,"2012-04-05 03:53:48"
58,1969,"2012-04-04 05:12:28"
58,1979,"2012-04-04 06:37:30"
58,1980,"2012-04-07 06:25:52"
58,1981,"2012-08-04 01:08:02"
58,1985,"2012-04-04 06:11:01"
58,1989,"2012-07-06 13:12:12"
58,1990,"2012-04-04 07:03:16"
58,2024,"2012-06-26 20:03:36"
58,2025,"2012-07-30 20:18:13"
58,2027,"2012-08-10 11:13:29"
58,2029,"2012-07-30 20:10:31"
58,2031,"2012-08-13 21:51:49"
58,2034,"2012-04-04 07:24:09"
58,2036,"2012-07-05 17:40:19"
58,2038,"2012-04-04 07:16:32"
58,2041,"2012-08-14 21:28:35"
58,2042,"2012-04-04 05:12:28"
58,2043,"2012-04-04 05:43:05"
58,2045,"2012-05-30 19:17:48"
58,2046,"2012-04-07 06:33:45"
58,2065,"2012-05-30 19:17:34"
58,2069,"2012-04-04 06:32:20"
58,2074,"2012-04-04 05:48:44"
58,2075,"2012-04-04 06:31:43"
58,2077,"2012-04-04 06:19:27"
58,2081,"2012-04-04 06:37:24"
58,2084,"2012-04-04 06:43:47"
58,2092,"2012-04-04 05:44:14"
58,2094,"2012-07-30 12:04:57"
58,2097,"2012-08-23 14:07:32"
58,2099,"2012-07-17 22:09:19"
58,2107,"2012-08-02 15:25:18"
58,2110,"2012-05-10 07:20:36"
58,2122,"2012-04-04 05:43:49"
58,2146,"2012-04-04 05:50:37"
58,2147,"2012-06-15 15:10:39"
58,2148,"2012-04-07 06:34:21"
58,2151,"2012-07-30 20:08:46"
58,2156,"2012-04-04 05:45:22"
58,2159,"2012-04-04 07:15:42"
58,2161,"2012-06-15 21:44:29"
58,2163,"2012-04-04 05:12:28"
58,2164,"2012-04-04 07:05:01"
58,2167,"2012-09-19 10:06:03"
58,2169,"2012-07-17 15:40:45"
58,2171,"2012-04-04 06:02:57"
58,2173,"2012-07-22 13:34:51"
58,2217,"2012-08-02 20:37:35"
58,2223,"2012-04-04 05:59:03"
58,2224,"2012-06-11 23:25:59"
58,2229,"2012-04-04 07:03:39"
58,2232,"2012-05-03 03:10:32"
58,2235,"2012-07-10 19:32:04"
58,2239,"2012-04-04 06:27:14"
58,2242,"2012-08-28 15:11:48"
58,2244,"2012-05-22 22:29:05"
58,2246,"2012-07-30 12:12:30"
58,2254,"2012-07-19 05:53:19"
58,2255,"2012-04-04 05:12:28"
58,2256,"2012-04-04 05:12:28"
58,2258,"2012-06-23 03:10:58"
58,2259,"2012-04-04 06:04:50"
58,2262,"2012-04-04 07:12:17"
58,2264,"2012-04-04 05:12:28"
58,2269,"2012-07-12 19:42:35"
58,2272,"2012-08-01 22:14:53"
58,2276,"2012-06-23 16:29:58"
58,2284,"2012-07-10 19:33:45"
58,2289,"2012-04-28 01:49:39"
58,2291,"2012-04-04 05:12:28"
58,2294,"2012-04-04 05:12:28"
58,2301,"2012-07-30 20:20:43"
58,2302,"2012-04-04 05:12:28"
58,2305,"2012-08-12 20:49:09"
58,2308,"2012-07-12 13:40:20"
58,2312,"2012-04-04 06:10:16"
58,2313,"2012-04-04 05:45:03"
58,2318,"2012-04-04 06:18:33"
58,2321,"2012-07-06 19:57:05"
58,2322,"2012-07-12 13:37:41"
58,2340,"2012-06-30 15:17:10"
58,2361,"2012-07-30 20:23:33"
58,2370,"2012-06-07 10:04:58"
58,2372,"2012-07-18 13:36:03"
58,2378,"2012-08-13 12:41:42"
58,2383,"2012-04-04 06:30:27"
58,2395,"2012-06-22 02:26:19"
58,2398,"2012-04-04 05:12:28"
58,2400,"2012-07-12 13:41:35"
58,2401,"2012-08-28 21:34:25"
58,2410,"2012-08-13 20:18:43"
58,2415,"2012-06-13 03:33:01"
58,2422,"2012-04-04 05:12:28"
58,2423,"2012-08-09 06:48:00"
58,2425,"2012-05-21 16:26:17"
58,2426,"2012-05-16 10:18:54"
58,2427,"2012-04-04 06:45:20"
58,2431,"2012-05-20 18:39:19"
58,2439,"2012-08-07 15:02:15"
58,2441,"2012-08-06 06:36:38"
58,2442,"2012-09-20 23:43:18"
58,2444,"2012-04-04 05:12:28"
58,2451,"2012-06-04 07:54:07"
58,2460,"2012-04-04 05:12:28"
58,2465,"2012-04-04 05:12:28"
58,2491,"2012-09-20 23:43:15"
58,2492,"2012-07-10 04:27:53"
58,2493,"2012-07-22 05:26:53"
58,2494,"2012-04-04 05:12:28"
58,2516,"2012-04-04 06:48:11"
58,2518,"2012-09-20 23:43:48"
58,2532,"2012-04-04 05:56:40"
58,2533,"2012-04-04 05:12:28"
58,2537,"2012-07-20 22:17:06"
58,2546,"2012-06-15 09:56:29"
58,2548,"2012-04-04 07:34:04"
58,2549,"2012-05-15 07:24:32"
58,2550,"2012-04-04 06:39:22"
58,2552,"2012-09-03 20:22:36"
58,2553,"2012-04-04 12:24:31"
58,2555,"2012-07-30 20:20:47"
58,2556,"2012-04-24 11:11:03"
58,2559,"2012-07-30 20:23:33"
58,2560,"2012-04-04 06:37:25"
58,2564,"2012-06-20 14:21:20"
58,2567,"2012-04-04 06:09:35"
58,2575,"2012-04-04 05:12:28"
58,2576,"2012-05-26 13:39:16"
58,2579,"2012-05-15 19:51:52"
58,2580,"2012-05-02 20:34:25"
58,2581,"2012-07-05 14:51:24"
58,2582,"2012-04-04 06:13:28"
58,2584,"2012-07-30 20:20:45"
58,2598,"2012-07-30 20:08:46"
58,2599,"2012-06-27 03:26:03"
58,2603,"2012-08-07 04:58:04"
58,2604,"2012-04-04 07:12:36"
58,2605,"2012-04-04 05:55:36"
58,2607,"2012-04-04 06:38:26"
58,2615,"2012-09-21 11:04:58"
58,2623,"2012-08-02 09:18:27"
58,2624,"2012-04-04 05:12:28"
58,2625,"2012-08-10 16:09:28"
58,2628,"2012-04-07 06:30:35"
58,2630,"2012-04-04 05:12:28"
58,2641,"2012-04-07 06:26:58"
58,2645,"2012-04-04 05:12:28"
58,2647,"2012-05-21 17:42:41"
58,2655,"2012-04-04 06:27:50"
58,2656,"2012-04-04 07:05:11"
58,2659,"2012-05-21 02:42:38"
58,2663,"2012-08-28 21:34:08"
58,2664,"2012-06-01 20:46:01"
